tabelle,ma_zeilen,ma_lesen,ma_anlegen,ma_aendern
abo_rechnungen,0,true,true,true
abteilungen,0,true,false,false
academy_fortschritt,0,false,false,false
academy_kurse_eigen,0,true,false,false
academy_medaillen,0,false,false,false
ads_ergebnis,0,false,false,false
ads_kampagne,0,false,false,false
ads_kanal,0,false,false,false
ads_schaltung,0,false,false,false
ads_zugang,0,false,false,false
agentur_retainer,0,true,true,false
agentur_zeiten,0,true,true,false
agrar_massnahmen,0,true,true,false
agrar_schlaege,0,true,true,false
anfahrt_konfig,0,true,false,false
angebot_bundle,0,true,true,true
angebot_positionen,0,true,false,false
angebote,0,true,false,false
anlagegueter,0,true,true,true
api_schluessel,0,false,false,false
artikel,0,true,true,true
artikel_bestand_standort,0,true,true,true
artikel_standorte,0,true,false,false
asset_gruppen,0,true,true,true
assets,0,true,true,true
audit_log,0,true,false,false
aufgaben,0,true,false,false
aufgaben_kommentare,0,false,false,false
aufmass_positionen,0,true,false,false
aufmasse,0,true,false,false
auftraege,0,true,true,true
auftrag_positionen,0,false,false,false
ausgaben,0,false,false,false
ausschreibung,0,false,false,false
ausschreibung_profil,0,false,false,false
automation_log,0,true,false,false
automation_regeln,0,true,false,false
autoresponder_lauf,0,true,true,true
autoresponder_schritt,0,true,true,true
autoresponder_sequenz,0,true,true,true
autoresponder_versand,0,true,false,false
bank_zugang,0,false,false,false
bau_abnahmen,0,true,true,false
bau_gewaehrleistung,0,false,false,false
bau_lv,0,true,true,true
bau_lv_positionen,0,true,true,true
bau_maengelruege,0,true,false,false
bau_nachtrag,0,true,true,false
bau_plan,0,true,true,false
bau_plan_pin,0,true,true,true
baustellen_fotos,0,true,true,false
bautagebuch,0,true,true,true
bde_buchung,0,true,true,true
bde_maschine,0,true,true,true
bde_stoerung,0,true,true,false
beispiel_datensatz,0,false,false,false
belege,0,false,false,false
belegung_einheit,0,true,true,true
belegung_vorgang,0,true,true,true
benachrichtigungen,0,false,false,false
bestellpositionen,0,true,true,true
bestellung,0,true,true,true
bestellung_position,0,true,true,true
bestellungen,0,true,true,true
betrieb_integrationen,0,false,false,false
betriebs_geheimnisse,0,false,false,false
betriebs_standort,0,true,false,false
bewerber,0,false,false,false
bewertungsanfragen,0,true,false,false
bfsg_angaben,0,false,false,false
bildung_anmeldungen,0,true,true,true
bildung_anwesenheit,0,true,true,true
bildung_honorar,0,false,false,false
bildung_kurse,0,true,true,false
bildung_termine,0,true,true,true
bk_abrechnung,0,true,true,true
bk_einheit,0,true,true,true
bk_kostenart,0,true,true,true
buchungen,0,true,false,false
charge_los,0,true,true,true
charge_merkmal,0,true,true,true
charge_pruefung,0,true,true,true
charge_verwendung,0,true,true,true
chat_tarif,0,false,false,false
chat_verbrauch,0,false,false,false
crm_deal,0,true,true,true
dialog_einstellung,0,true,false,false
document_standorte,0,true,false,false
dsgvo_anfragen,0,true,true,true
dsgvo_loeschungen,0,true,false,false
dsgvo_verfahren,0,true,true,true
eigenes_feld,0,true,true,true
eigenes_feld_wert,0,true,true,true
eingangsbelege,0,true,true,true
einsaetze,0,true,true,true
einsatz_fotos,0,true,false,false
einsatz_positionen,0,true,false,false
elster_zugang,0,false,false,false
energie_ablesungen,0,true,true,false
energie_anlagen,0,true,true,true
erechnung_archiv,0,true,true,false
erinnerung,0,true,true,true
ernte_ernte,0,true,true,true
ertrag_ablesung,0,true,true,true
ertrag_anlage,0,true,true,true
etikett_produkt,0,true,true,true
event_anmeldung,0,true,true,true
event_veranstaltung,0,true,true,true
expose,0,true,true,true
expose_interessent,0,true,true,true
fahrtkosten_staffel,0,true,false,false
fahrzeug_eintrag,0,true,true,false
fahrzeuge,0,true,true,true
fertigung_auftraege,0,true,true,true
fertigung_stueckliste_positionen,0,true,true,false
fertigung_stuecklisten,0,true,true,false
finanz_szenarien,0,true,false,false
firmen,0,true,false,false
foerder_angebote,0,true,false,false
foerder_beleg,0,true,true,false
foerder_vorhaben,0,true,false,false
formular_eintrag,0,true,true,true
formular_vorlage,0,true,false,false
forst_auftrag,0,true,true,true
forst_auftrag_position,0,true,true,true
forst_baeume,0,true,true,true
forst_einsatzmittel,0,true,true,true
forst_gutachten,0,true,true,true
forst_nachweis,0,true,true,true
forst_objekte,0,true,true,true
freebie,0,true,true,true
freebie_lead,0,true,true,true
freebie_mail,0,true,true,true
freebie_versand,0,true,true,true
freistellungen,0,true,true,true
gastro_reservierungen,0,true,true,true
gastro_trinkgeld,0,true,true,false
gefahrstoff,0,true,false,false
geo_routen,0,false,false,false
geraet_ereignis,0,true,true,false
gespraech_protokoll,0,true,true,true
gesundheit_freigabe,0,false,false,false
gesundheit_notiz,0,true,true,false
gesundheit_zugriff,0,false,true,false
gobd_verfahrensdoku,0,false,false,false
gutachten,0,true,true,true
gutachten_position,0,true,true,true
gutschein,0,true,true,true
gutschein_einloesung,0,true,true,false
hilfsmittel_position,0,true,true,true
hilfsmittel_versorgung,0,true,true,true
hk_zimmer,0,true,true,true
holz_auftraege,0,true,false,false
holz_auftrag_positionen,0,true,false,false
holz_mengenrabatt,0,true,false,false
holz_preise,0,true,false,false
holz_sortiment,0,true,false,false
hotel_belegungen,0,true,true,true
hotel_zimmer,0,true,false,false
hr_abwesenheiten,0,true,false,false
hr_benachrichtigungen,0,false,false,false
hr_checklisten,0,true,false,false
hr_checklisten_abschluss,0,true,false,false
hr_checklisten_vorlagen,0,false,false,false
hr_dokumente,0,true,false,false
hr_einstellungen,0,true,false,false
hr_schicht_bestaetigung,0,false,false,false
hr_schicht_tausch,0,false,false,false
hr_schicht_vorlagen,0,false,false,false
hr_schichten,0,false,false,false
hr_schulungen,0,true,false,false
hr_zeit_korrekturen,0,false,false,false
hr_zeiterfassung,0,false,false,false
immo_einheiten,0,true,false,false
immo_kaution,0,false,false,false
immo_mietanpassung,0,false,false,false
immo_mietvertraege,0,true,false,false
immo_schaden,0,true,true,true
immo_zahlungen,0,true,true,false
import_jobs,0,true,false,false
import_laeufe,0,false,false,false
import_zeilen,0,false,false,false
inhalt_baustein,0,false,false,false
inventar,0,true,true,true
inventur_audit,0,true,true,false
inventur_zaehlung,0,true,true,true
it_asset,0,true,true,true
it_assets,0,true,true,false
it_lizenz,0,true,true,true
it_sla,0,true,true,true
it_vertraege,0,true,true,true
kalkulationen,0,true,false,false
kalkulator_normen,0,true,false,false
kanzlei_akte,0,true,true,true
kanzlei_frist,0,true,true,true
kanzlei_fristen,0,true,true,true
kanzlei_mandate,0,true,true,false
kassen_belege,0,true,true,false
kassen_meldung,0,true,false,false
kassen_positionen,0,true,true,false
kassen_system,0,true,false,false
kfz_fahrzeuge,0,true,true,true
kfz_reifeneinlagerung,0,true,true,true
kfz_schadenfall,0,true,true,true
ki_batch,0,true,false,false
kontakt_aktivitaeten,0,false,false,false
kontakt_tag_zuordnung,0,false,false,false
kontakt_tags,0,false,false,false
kontakte,0,true,false,false
korrespondenz,0,false,false,false
kunden_mandate,0,true,true,true
lager_bewegung,0,true,true,false
lager_umlagerung,0,true,true,false
lagerbewegungen,0,true,true,true
landingpages,0,true,true,true
leads,0,true,true,true
leistungskatalog,0,true,false,false
leistungskatalog_standorte,0,true,false,false
leitungsrolle_eigen,0,true,false,false
lieferant,0,true,true,true
lieferanten,0,true,true,true
lieferanten_standorte,0,true,false,false
lm_chargen,0,true,true,false
lm_haccp,0,true,true,false
lm_haccp_plan,0,true,true,true
logistik_sendungen,0,true,true,true
logistik_touren,0,true,true,true
lp_ereignisse,0,true,false,false
maengel,0,true,true,true
mahnung_historie,0,true,false,false
mail_klick,0,true,false,false
mail_zugang,0,false,false,false
marketing_inhalte,0,false,false,false
marketing_kalender,0,false,false,false
marketing_kampagnen,0,true,false,false
marketing_segment,0,false,false,false
marketing_zielgruppen,0,false,false,false
markt_produkt,0,true,true,true
markt_verkauf,0,true,true,true
marktplatz_zugang,0,false,false,false
material_abruf,0,true,true,false
menu_gericht,0,true,true,true
mitarbeiter,0,true,false,false
mitarbeiter_qualifikation,0,true,false,false
mitarbeiter_rechte,0,true,true,true
mitarbeiter_standorte,0,true,false,false
mitglied_checkin,0,true,true,false
mitglieder,0,true,false,false
modul_nutzung,0,false,false,false
nachkauf_produkt,0,true,false,false
nachkauf_verkauf,0,true,true,true
nachweis,0,true,false,false
nachweis_unterschrift,0,true,true,false
newsletter_ab_test,0,false,false,false
newsletter_abonnenten,0,true,true,true
newsletter_versand,0,true,true,false
objekt_zeiten,0,true,false,false
objekte,0,false,false,false
onboarding_schritte,0,true,true,true
paket_positionen,0,true,false,false
pakete,0,true,false,false
personal_entsendung,0,true,false,false
personal_vertrag,0,false,false,false
portal_dokument,0,true,false,false
portal_freigabe,0,true,false,false
portal_meldung,0,true,false,false
portal_projekt,0,true,false,false
portal_zugaenge,0,true,false,false
post_vorgang,0,false,false,false
praxis_ausfall,0,true,true,false
praxis_einwilligung,0,true,true,false
praxis_recall,0,true,true,true
preis_historie,0,false,false,false
projekt_beteiligte,0,false,false,false
projekt_kosten,0,true,false,false
projekt_teams,0,false,false,false
projekt_vorlagen,0,true,false,false
projekte,0,true,false,false
projektleistungen,0,true,false,false
proof_asset,0,true,true,true
proof_feedback,0,true,true,false
proof_version,0,true,true,true
provision_partner,0,true,false,false
provision_zuordnung,0,true,false,false
pruef_protokoll,0,true,true,true
pruef_punkt,0,true,true,true
pruefpflichten,0,true,true,true
qs_lieferant_bewertung,0,false,false,false
qs_reklamation,0,true,true,true
qs_rueckruf,0,true,false,false
raum_belegung,0,true,true,true
raum_ressource,0,true,true,true
rechnung_abschlaege,0,false,false,false
rechnung_nummernkreise,0,false,false,false
rechnung_positionen,0,false,false,false
rechnungen,0,true,false,false
reisekosten,0,true,true,true
report_gespeichert,0,true,false,false
reservierung_platz,0,true,true,true
reservierung_vorgang,0,true,true,true
ressourcen,0,false,false,false
rezeptur_zutaten,0,true,true,true
rezepturen,0,true,true,true
rueckhol_lauf,0,false,false,false
rueckhol_schritt,0,false,false,false
rueckhol_strecke,0,false,false,false
rueckhol_versand,0,false,false,false
schlag,0,true,true,true
schlag_bedarf,0,true,true,true
schlag_duengung,0,true,true,true
schlag_psm,0,true,true,true
shop_bestellungen,0,true,false,true
shop_retoure,0,true,true,true
signatur_anfragen,0,true,true,true
social_beitrag,0,true,true,true
social_kanal,0,true,true,true
social_versand,0,true,false,false
social_video,0,true,true,false
social_zugang,0,false,false,false
sofortmeldungen,0,true,true,true
spende,0,true,true,true
spende_einstellung,0,true,true,true
sprach_anweisung,0,true,false,false
sprach_bestaetigung,0,false,true,false
sprach_profil,0,false,true,false
standort_module,0,true,false,false
standorte,0,true,false,false
tenant_module,0,true,false,false
termin_arten,0,true,true,true
termine,0,true,true,true
text_werk,0,false,false,false
ticket_verlauf,0,false,false,false
tickets,0,true,false,false
tier_behandlungen,0,true,true,false
tier_bewegung,0,true,true,true
tier_erinnerung,0,true,true,false
tier_got_leistung,0,true,true,true
tier_gruppe,0,true,true,true
tier_stichtag,0,true,true,true
tier_tiere,0,true,true,true
tour,0,true,true,true
tour_stopp,0,true,true,true
variante_artikel,0,true,true,true
variante_gruppe,0,true,true,true
verein_ehrenamt,0,true,true,false
verein_mitglieder,0,true,true,true
verein_pauschale,0,false,false,false
verein_veranstaltungen,0,true,true,false
verfuegbarkeiten,0,true,true,true
verkaufschancen,0,false,false,false
verleih_artikel,0,true,true,true
verleih_vorgang,0,true,true,true
versammlung,0,true,true,true
versammlung_beschluss,0,true,true,false
versand_sendung,0,true,true,true
versand_zugang,0,false,false,false
vertraege,0,true,false,false
vertrieb_aktivitaet,0,true,true,true
vertrieb_woche,0,false,false,false
vorlage_pool,0,true,true,true
vorlagen_aufgaben,0,true,false,false
wareneingang,0,true,true,true
wareneingang_positionen,0,true,true,true
wartungshistorie,0,true,false,false
wartungsvertraege,0,true,false,false
web_ci,0,false,false,false
web_ereignisse,0,false,false,false
web_seiten,0,false,false,false
webinar_anmeldung,0,false,false,false
webinar_termin,0,false,false,false
webinar_versand,0,false,false,false
webinare,0,false,false,false
wellness_behandlungen,0,true,true,false
wellness_kunden,0,true,true,false
werkstatt_anhaenge,0,true,true,true
werkstatt_auftraege,0,true,true,true
werkstatt_fahrzeug_halter_log,0,true,true,true
werkstatt_fahrzeuge,0,true,true,true
werkstatt_freigabe_log,0,true,true,false
werkstatt_material_buchungen,0,true,true,true
werkstatt_positionen,0,true,true,true
werkstatt_status_log,0,true,true,false
whatsapp_kontakt,0,true,true,true
whatsapp_nachricht,0,true,false,true
whatsapp_versand,0,true,false,false
whatsapp_vorlage,0,true,true,true
whatsapp_zugang,0,false,false,false
wiederkehr_lauf,0,true,true,true
zahlungen,0,false,false,false
zielgruppe,0,true,true,true
zusammenfuehrungen,0,false,false,false
zuschnitt_projekt,0,true,true,true
zuschnitt_teil,0,true,true,true