tabelle,rls_an,regeln,lesen,anlegen,aendern,loeschen,alles,mitarbeiter_regel,offen_fuer_alle,hat_owner
academy_kurse,true,1,1,0,0,0,0,false,true,false
agents,true,1,1,0,0,0,0,false,true,false
automatisierungen,true,1,1,0,0,0,0,false,true,false
betreiber_flags,true,1,1,0,0,0,0,false,true,false
abo_rechnungen,true,4,1,1,1,0,1,true,false,true
abteilungen,true,2,1,0,0,0,1,true,false,true
academy_fortschritt,true,4,1,1,1,1,0,false,false,true
academy_kurse_eigen,true,5,2,1,1,1,0,true,false,true
academy_medaillen,true,3,1,1,0,1,0,false,false,true
ads_ergebnis,true,1,0,0,0,0,1,false,false,true
ads_kampagne,true,1,0,0,0,0,1,false,false,true
ads_kanal,true,1,0,0,0,0,1,false,false,true
ads_schaltung,true,1,0,0,0,0,1,false,false,true
ads_zugang,true,0,0,0,0,0,0,false,false,true
agentur_retainer,true,3,1,1,0,0,1,true,false,true
agentur_zeiten,true,3,1,1,0,0,1,true,false,true
agrar_massnahmen,true,3,1,1,0,0,1,true,false,true
agrar_schlaege,true,3,1,1,0,0,1,true,false,true
anfahrt_konfig,true,5,2,1,1,1,0,true,false,true
angebot_bundle,true,2,0,0,0,0,2,true,false,true
angebot_positionen,true,5,2,1,1,1,0,true,false,true
angebote,true,5,2,1,1,1,0,true,false,true
anlagegueter,true,4,1,1,1,0,1,true,false,true
api_schluessel,true,0,0,0,0,0,0,false,false,true
artikel,true,2,0,0,0,0,2,true,false,true
artikel_bestand_standort,true,5,1,1,1,1,1,true,false,true
artikel_standorte,true,5,2,1,1,1,0,true,false,true
asset_gruppen,true,4,1,1,1,0,1,true,false,true
assets,true,4,1,1,1,0,1,true,false,true
audit_log,true,2,2,0,0,0,0,true,false,true
aufgaben,true,2,1,0,0,0,1,true,false,true
aufgaben_kommentare,true,1,0,0,0,0,1,false,false,true
aufmass_positionen,true,8,3,2,2,1,0,true,false,true
aufmasse,true,8,3,2,2,1,0,true,false,true
auftraege,true,5,1,1,1,1,1,true,false,true
auftrag_positionen,true,1,0,0,0,0,1,false,false,true
ausgaben,true,4,1,1,1,1,0,false,false,true
ausschreibung,true,1,0,0,0,0,1,false,false,true
ausschreibung_profil,true,1,0,0,0,0,1,false,false,true
automation_log,true,5,2,1,1,1,0,true,false,true
automation_regeln,true,5,2,1,1,1,0,true,false,true
autoresponder_lauf,true,4,1,1,1,0,1,true,false,true
autoresponder_schritt,true,4,1,1,1,0,1,true,false,true
autoresponder_sequenz,true,4,1,1,1,0,1,true,false,true
autoresponder_versand,true,2,1,0,0,0,1,true,false,true
bank_zugang,true,0,0,0,0,0,0,false,false,true
bau_abnahmen,true,3,1,1,0,0,1,true,false,true
bau_gewaehrleistung,true,1,0,0,0,0,1,false,false,true
bau_lv,true,4,1,1,1,0,1,true,false,true
bau_lv_positionen,true,5,1,1,1,1,1,true,false,true
bau_maengelruege,true,2,1,0,0,0,1,true,false,true
bau_nachtrag,true,3,1,1,0,0,1,true,false,true
bau_plan,true,3,1,1,0,0,1,true,false,true
bau_plan_pin,true,4,1,1,1,0,1,true,false,true
baustellen_fotos,true,6,2,2,1,1,0,true,false,true
bautagebuch,true,7,2,2,2,1,0,true,false,true
bde_buchung,true,5,1,1,1,1,1,true,false,true
bde_maschine,true,5,1,1,1,1,1,true,false,true
bde_stoerung,true,4,1,1,0,1,1,true,false,true
beispiel_datensatz,true,1,0,0,0,0,1,false,false,true
belege,true,0,0,0,0,0,0,false,false,true
belegung_einheit,true,4,1,1,1,0,1,true,false,true
belegung_vorgang,true,4,1,1,1,0,1,true,false,true
benachrichtigungen,true,4,1,1,1,1,0,false,false,true
benutzer_unterschrift,true,4,1,1,1,1,0,false,false,false
bestellpositionen,true,2,0,0,0,0,2,true,false,true
bestellung,true,4,1,1,1,0,1,true,false,true
bestellung_position,true,4,1,1,1,0,1,true,false,true
bestellungen,true,2,0,0,0,0,2,true,false,true
betrieb_integrationen,true,1,0,0,0,0,1,false,false,true
betriebs_geheimnisse,true,0,0,0,0,0,0,false,false,true
betriebs_standort,true,5,2,1,1,1,0,true,false,true
bewerber,true,4,1,1,1,1,0,false,false,true
bewertungsanfragen,true,5,2,1,1,1,0,true,false,true
bfsg_angaben,true,1,0,0,0,0,1,false,false,true
bildung_anmeldungen,true,4,1,1,1,0,1,true,false,true
bildung_anwesenheit,true,4,1,1,1,0,1,true,false,true
bildung_honorar,true,1,0,0,0,0,1,false,false,true
bildung_kurse,true,3,1,1,0,0,1,true,false,true
bildung_termine,true,4,1,1,1,0,1,true,false,true
bk_abrechnung,true,4,1,1,1,0,1,true,false,true
bk_einheit,true,4,1,1,1,0,1,true,false,true
bk_kostenart,true,4,1,1,1,0,1,true,false,true
buchungen,true,5,2,1,1,1,0,true,false,true
charge_los,true,5,1,1,1,1,1,true,false,true
charge_merkmal,true,5,1,1,1,1,1,true,false,true
charge_pruefung,true,5,1,1,1,1,1,true,false,true
charge_verwendung,true,5,1,1,1,1,1,true,false,true
chat_kanaele,true,4,1,1,1,1,0,false,false,false
chat_mitglieder,true,3,1,1,0,1,0,false,false,false
chat_nachrichten,true,3,1,1,0,1,0,false,false,false
chat_tarif,true,0,0,0,0,0,0,false,false,true
chat_verbrauch,true,0,0,0,0,0,0,false,false,true
churned_customers,true,1,1,0,0,0,0,false,false,false
crm_deal,true,2,0,0,0,0,2,true,false,true
customers,true,1,1,0,0,0,0,false,false,false
demo_hr_backup,true,0,0,0,0,0,0,false,false,false
dialog_einstellung,true,5,2,1,1,1,0,true,false,true
document_agents,true,3,1,1,0,1,0,false,false,false
document_chunks,true,4,2,1,0,1,0,true,false,false
document_standorte,true,5,2,1,1,1,0,true,false,true
documents,true,5,2,1,1,1,0,true,false,false
dossier_leads,true,0,0,0,0,0,0,false,false,false
dsgvo_anfragen,true,4,1,1,1,0,1,true,false,true
dsgvo_loeschungen,true,4,2,1,1,0,0,true,false,true
dsgvo_verfahren,true,4,1,1,1,0,1,true,false,true
eigenes_feld,true,1,0,0,0,0,1,true,false,true
eigenes_feld_wert,true,1,0,0,0,0,1,true,false,true
eingangsbelege,true,4,1,1,1,0,1,true,false,true
einsaetze,true,5,1,1,1,1,1,true,false,true
einsatz_fotos,true,2,1,0,0,0,1,true,false,true
einsatz_positionen,true,2,1,0,0,0,1,true,false,true
elster_zugang,true,0,0,0,0,0,0,false,false,true
energie_ablesungen,true,3,1,1,0,0,1,true,false,true
energie_anlagen,true,4,1,1,1,0,1,true,false,true
erechnung_archiv,true,2,1,1,0,0,0,true,false,true
erinnerung,true,4,1,1,1,0,1,true,false,true
ernte_ernte,true,5,1,1,1,1,1,true,false,true
erstellte_dokumente,true,1,1,0,0,0,0,false,false,false
ertrag_ablesung,true,5,1,1,1,1,1,true,false,true
ertrag_anlage,true,5,1,1,1,1,1,true,false,true
etikett_produkt,true,5,1,1,1,1,1,true,false,true
event_anmeldung,true,5,1,1,1,1,1,true,false,true
event_veranstaltung,true,5,1,1,1,1,1,true,false,true
expose,true,4,1,1,1,0,1,true,false,true
expose_interessent,true,5,1,1,1,1,1,true,false,true
fahrtkosten_staffel,true,5,2,1,1,1,0,true,false,true
fahrzeug_eintrag,true,3,1,1,0,0,1,true,false,true
fahrzeuge,true,4,1,1,1,0,1,true,false,true
fertigung_auftraege,true,4,1,1,1,0,1,true,false,true
fertigung_stueckliste_positionen,true,4,1,1,0,1,1,true,false,true
fertigung_stuecklisten,true,3,1,1,0,0,1,true,false,true
finanz_szenarien,true,5,2,1,1,1,0,true,false,true
firmen,true,2,1,0,0,0,1,true,false,true
foerder_angebote,true,5,2,1,1,1,0,true,false,true
foerder_beleg,true,3,1,1,0,0,1,true,false,true
foerder_vorhaben,true,5,2,1,1,1,0,true,false,true
formular_eintrag,true,4,1,1,1,0,1,true,false,true
formular_vorlage,true,2,1,0,0,0,1,true,false,true
forst_auftrag,true,4,1,1,1,0,1,true,false,true
forst_auftrag_position,true,4,1,1,1,0,1,true,false,true
forst_baeume,true,4,1,1,1,0,1,true,false,true
forst_einsatzmittel,true,4,1,1,1,0,1,true,false,true
forst_gutachten,true,4,1,1,1,0,1,true,false,true
forst_nachweis,true,4,1,1,1,0,1,true,false,true
forst_objekte,true,4,1,1,1,0,1,true,false,true
freebie,true,5,1,1,1,1,1,true,false,true
freebie_lead,true,5,1,1,1,1,1,true,false,true
freebie_mail,true,5,1,1,1,1,1,true,false,true
freebie_versand,true,5,1,1,1,1,1,true,false,true
freistellungen,true,4,1,1,1,0,1,true,false,true
gastro_reservierungen,true,4,1,1,1,0,1,true,false,true
gastro_trinkgeld,true,3,1,1,0,0,1,true,false,true
gefahrstoff,true,2,1,0,0,0,1,true,false,true
geo_routen,true,4,1,1,1,1,0,false,false,true
geraet_ereignis,true,3,1,1,0,0,1,true,false,true
gespraech_protokoll,true,4,1,1,1,0,1,true,false,true
gesundheit_freigabe,true,2,1,0,0,0,1,false,false,true
gesundheit_notiz,true,5,2,2,0,1,0,true,false,true
gesundheit_zugriff,true,2,1,1,0,0,0,true,false,true
gobd_verfahrensdoku,true,4,1,1,1,1,0,false,false,true
gutachten,true,4,1,1,1,0,1,true,false,true
gutachten_position,true,4,1,1,1,0,1,true,false,true
gutschein,true,4,1,1,1,0,1,true,false,true
gutschein_einloesung,true,3,1,1,0,0,1,true,false,true
hilfsmittel_position,true,4,1,1,1,0,1,true,false,true
hilfsmittel_versorgung,true,4,1,1,1,0,1,true,false,true
hk_zimmer,true,5,1,1,1,1,1,true,false,true
holz_auftraege,true,6,3,1,1,1,0,true,false,true
holz_auftrag_positionen,true,5,2,1,1,1,0,true,false,true
holz_mengenrabatt,true,5,2,1,1,1,0,true,false,true
holz_preise,true,6,3,1,1,1,0,true,false,true
holz_sortiment,true,6,3,1,1,1,0,true,false,true
hotel_belegungen,true,4,1,1,1,0,1,true,false,true
hotel_zimmer,true,5,2,1,1,0,1,true,false,true
hr_abwesenheiten,true,7,3,2,1,1,0,true,false,true
hr_benachrichtigungen,true,4,1,1,1,1,0,false,false,true
hr_checklisten,true,7,3,1,1,1,1,true,false,true
hr_checklisten_abschluss,true,5,2,1,1,0,1,true,false,true
hr_checklisten_vorlagen,true,1,0,0,0,0,1,false,false,true
hr_dokumente,true,7,3,2,1,1,0,true,false,true
hr_einstellungen,true,5,3,1,1,0,0,true,false,true
hr_schicht_bestaetigung,true,4,1,1,1,0,1,false,false,true
hr_schicht_tausch,true,4,1,1,1,0,1,false,false,true
hr_schicht_vorlagen,true,1,0,0,0,0,1,false,false,true
hr_schichten,true,2,1,0,0,0,1,false,false,true
hr_schulungen,true,6,3,1,1,1,0,true,false,true
hr_zeit_korrekturen,true,2,1,0,0,0,1,false,false,true
hr_zeiterfassung,true,4,1,1,1,0,1,false,false,true
immo_einheiten,true,5,2,1,1,0,1,true,false,true
immo_kaution,true,1,0,0,0,0,1,false,false,true
immo_mietanpassung,true,1,0,0,0,0,1,false,false,true
immo_mietvertraege,true,5,2,1,1,0,1,true,false,true
immo_schaden,true,4,1,1,1,0,1,true,false,true
immo_zahlungen,true,3,1,1,0,0,1,true,false,true
import_jobs,true,5,2,1,1,1,0,true,false,true
import_laeufe,true,4,1,1,1,1,0,false,false,true
import_zeilen,true,4,1,1,1,1,0,false,false,true
inhalt_baustein,true,4,1,1,1,1,0,false,false,true
inventar,true,4,1,1,1,0,1,true,false,true
inventur_audit,true,4,2,2,0,0,0,true,false,true
inventur_zaehlung,true,2,0,0,0,0,2,true,false,true
it_asset,true,5,1,1,1,1,1,true,false,true
it_assets,true,3,1,1,0,0,1,true,false,true
it_lizenz,true,5,1,1,1,1,1,true,false,true
it_sla,true,5,1,1,1,1,1,true,false,true
it_vertraege,true,4,1,1,1,0,1,true,false,true
kalkulationen,true,5,2,1,1,1,0,true,false,true
kalkulator_normen,true,5,2,1,1,1,0,true,false,true
kanzlei_akte,true,4,1,1,1,0,1,true,false,true
kanzlei_frist,true,4,1,1,1,0,1,true,false,true
kanzlei_fristen,true,4,1,1,1,0,1,true,false,true
kanzlei_mandate,true,3,1,1,0,0,1,true,false,true
kassen_belege,true,3,1,1,0,0,1,true,false,true
kassen_meldung,true,2,1,0,0,0,1,true,false,true
kassen_positionen,true,3,1,1,0,0,1,true,false,true
kassen_system,true,2,1,0,0,0,1,true,false,true
kfz_fahrzeuge,true,4,1,1,1,0,1,true,false,true
kfz_reifeneinlagerung,true,4,1,1,1,0,1,true,false,true
kfz_schadenfall,true,4,1,1,1,0,1,true,false,true
ki_batch,true,5,2,1,1,1,0,true,false,true
ki_nutzung,true,0,0,0,0,0,0,false,false,false
kontakt_aktivitaeten,true,1,0,0,0,0,1,false,false,true
kontakt_tag_zuordnung,true,1,0,0,0,0,1,false,false,true
kontakt_tags,true,1,0,0,0,0,1,false,false,true
kontakte,true,2,1,0,0,0,1,true,false,true
korrespondenz,true,4,1,1,1,1,0,false,false,true
kunden_abo,true,1,0,0,0,0,1,false,false,false
kunden_abo_rechnungen,true,1,1,0,0,0,0,false,false,false
kunden_mandate,true,4,1,1,1,0,1,true,false,true
lager_bewegung,true,4,1,1,0,1,1,true,false,true
lager_umlagerung,true,4,1,1,0,1,1,true,false,true
lagerbewegungen,true,2,0,0,0,0,2,true,false,true
landingpages,true,4,1,1,1,0,1,true,false,true
leads,true,7,2,3,2,0,0,true,false,true
leistungskatalog,true,5,2,1,1,1,0,true,false,true
leistungskatalog_standorte,true,5,2,1,1,1,0,true,false,true
leitungsrolle_eigen,true,5,2,1,1,1,0,true,false,true
lieferant,true,4,1,1,1,0,1,true,false,true
lieferanten,true,2,0,0,0,0,2,true,false,true
lieferanten_standorte,true,5,2,1,1,1,0,true,false,true
lm_chargen,true,3,1,1,0,0,1,true,false,true
lm_haccp,true,3,1,1,0,0,1,true,false,true
lm_haccp_plan,true,4,1,1,1,0,1,true,false,true
logistik_sendungen,true,4,1,1,1,0,1,true,false,true
logistik_touren,true,4,1,1,1,0,1,true,false,true
lp_ereignisse,true,1,1,0,0,0,0,true,false,true
maengel,true,7,2,2,2,1,0,true,false,true
mahnung_historie,true,3,2,1,0,0,0,true,false,true
mail_klick,true,2,1,0,0,0,1,true,false,true
mail_zugang,true,0,0,0,0,0,0,false,false,true
marketing_inhalte,true,1,0,0,0,0,1,false,false,true
marketing_kalender,true,1,0,0,0,0,1,false,false,true
marketing_kampagnen,true,2,1,0,0,0,1,true,false,true
marketing_segment,true,4,1,1,1,1,0,false,false,true
marketing_zielgruppen,true,1,0,0,0,0,1,false,false,true
markt_produkt,true,5,1,1,1,1,1,true,false,true
markt_verkauf,true,5,1,1,1,1,1,true,false,true
marktplatz_zugang,true,0,0,0,0,0,0,false,false,true
material_abruf,true,3,1,1,0,0,1,true,false,true
meilensteine,true,1,0,0,0,0,1,false,false,false
menu_gericht,true,5,1,1,1,1,1,true,false,true
mitarbeiter,true,7,4,1,1,1,0,true,false,true
mitarbeiter_qualifikation,true,2,1,0,0,0,1,true,false,true
mitarbeiter_rechte,true,7,2,2,2,1,0,true,false,true
mitarbeiter_standorte,true,4,2,1,0,1,0,true,false,true
mitglied_checkin,true,3,1,1,0,0,1,true,false,true
mitglieder,true,5,2,1,1,1,0,true,false,true
modul_nutzung,true,0,0,0,0,0,0,false,false,true
nachkauf_produkt,true,2,1,0,0,0,1,true,false,true
nachkauf_verkauf,true,4,1,1,1,0,1,true,false,true
nachweis,true,5,2,1,1,0,1,true,false,true
nachweis_unterschrift,true,3,1,1,0,0,1,true,false,true
newsletter_ab_test,true,4,1,1,1,1,0,false,false,true
newsletter_abonnenten,true,4,1,1,1,0,1,true,false,true
newsletter_versand,true,3,1,1,0,0,1,true,false,true
objekt_zeiten,true,8,3,2,2,1,0,true,false,true
objekte,true,4,1,1,1,1,0,false,false,true
oeffentliche_bestellungen,true,0,0,0,0,0,0,false,false,false
onboarding_schritte,true,4,1,1,1,0,1,true,false,true
paket_positionen,true,5,2,1,1,1,0,true,false,true
pakete,true,6,3,1,1,1,0,true,false,true
personal_entsendung,true,5,2,1,1,1,0,true,false,true
personal_vertrag,true,1,0,0,0,0,1,false,false,true
portal_dokument,true,2,1,0,0,0,1,true,false,true
portal_freigabe,true,2,1,0,0,0,1,true,false,true
portal_meldung,true,2,1,0,0,0,1,true,false,true
portal_projekt,true,2,1,0,0,0,1,true,false,true
portal_zugaenge,true,2,1,0,0,0,1,true,false,true
post_vorgang,true,4,1,1,1,1,0,false,false,true
praxis_ausfall,true,3,1,1,0,0,1,true,false,true
praxis_einwilligung,true,5,2,2,0,1,0,true,false,true
praxis_recall,true,4,1,1,1,0,1,true,false,true
preis_historie,true,2,1,1,0,0,0,false,false,true
profiles,true,2,1,0,1,0,0,false,false,false
projekt_beteiligte,true,1,0,0,0,0,1,false,false,true
projekt_kosten,true,5,2,1,1,1,0,true,false,true
projekt_teams,true,1,0,0,0,0,1,false,false,true
projekt_vorlagen,true,2,1,0,0,0,1,true,false,true
projekte,true,2,1,0,0,0,1,true,false,true
projektleistungen,true,5,2,1,1,1,0,true,false,true
proof_asset,true,5,1,1,1,1,1,true,false,true
proof_feedback,true,4,1,1,0,1,1,true,false,true
proof_version,true,5,1,1,1,1,1,true,false,true
provision_partner,true,5,2,1,1,1,0,true,false,true
provision_zuordnung,true,5,2,1,1,1,0,true,false,true
pruef_protokoll,true,4,1,1,1,0,1,true,false,true
pruef_punkt,true,4,1,1,1,0,1,true,false,true
pruefpflichten,true,4,1,1,1,0,1,true,false,true
qs_lieferant_bewertung,true,1,0,0,0,0,1,false,false,true
qs_reklamation,true,4,1,1,1,0,1,true,false,true
qs_rueckruf,true,2,1,0,0,0,1,true,false,true
raum_belegung,true,5,1,1,1,1,1,true,false,true
raum_ressource,true,5,1,1,1,1,1,true,false,true
rechnung_abschlaege,true,1,0,0,0,0,1,false,false,true
rechnung_nummernkreise,true,1,0,0,0,0,1,false,false,true
rechnung_positionen,true,1,0,0,0,0,1,false,false,true
rechnungen,true,2,1,0,0,0,1,true,false,true
reisekosten,true,4,1,1,1,0,1,true,false,true
report_gespeichert,true,5,2,1,1,1,0,true,false,true
reservierung_platz,true,4,1,1,1,0,1,true,false,true
reservierung_vorgang,true,4,1,1,1,0,1,true,false,true
ressourcen,true,4,1,1,1,1,0,false,false,true
rezeptur_zutaten,true,4,1,1,1,0,1,true,false,true
rezepturen,true,4,1,1,1,0,1,true,false,true
rueckhol_lauf,true,3,1,1,1,0,0,false,false,true
rueckhol_schritt,true,4,1,1,1,1,0,false,false,true
rueckhol_strecke,true,4,1,1,1,1,0,false,false,true
rueckhol_versand,true,2,1,1,0,0,0,false,false,true
schlag,true,4,1,1,1,0,1,true,false,true
schlag_bedarf,true,4,1,1,1,0,1,true,false,true
schlag_duengung,true,4,1,1,1,0,1,true,false,true
schlag_psm,true,4,1,1,1,0,1,true,false,true
shop_bestellungen,true,3,1,0,1,0,1,true,false,true
shop_retoure,true,4,1,1,1,0,1,true,false,true
signatur_anfragen,true,4,1,1,1,0,1,true,false,true
social_beitrag,true,1,0,0,0,0,1,true,false,true
social_kanal,true,1,0,0,0,0,1,true,false,true
social_versand,true,1,1,0,0,0,0,true,false,true
social_video,true,4,1,1,0,1,1,true,false,true
social_zugang,true,0,0,0,0,0,0,false,false,true
sofortmeldungen,true,4,1,1,1,0,1,true,false,true
spende,true,4,1,1,1,0,1,true,false,true
spende_einstellung,true,4,1,1,1,0,1,true,false,true
sprach_anweisung,true,2,1,0,0,0,1,true,false,true
sprach_bestaetigung,true,3,2,1,0,0,0,true,false,true
sprach_profil,true,2,1,0,0,0,1,true,false,true
standort_module,true,5,2,1,1,1,0,true,false,true
standorte,true,5,2,1,1,1,0,true,false,true
tenant_module,true,4,1,1,1,1,0,true,false,true
termin_arten,true,5,1,1,1,1,1,true,false,true
termine,true,9,2,2,2,2,1,true,false,true
text_werk,true,1,0,0,0,0,1,false,false,true
ticket_verlauf,true,6,2,2,1,1,0,true,false,true
tickets,true,5,2,1,1,1,0,true,false,true
tier_behandlungen,true,3,1,1,0,0,1,true,false,true
tier_bewegung,true,4,1,1,1,0,1,true,false,true
tier_erinnerung,true,3,1,1,0,0,1,true,false,true
tier_got_leistung,true,4,1,1,1,0,1,true,false,true
tier_gruppe,true,4,1,1,1,0,1,true,false,true
tier_stichtag,true,4,1,1,1,0,1,true,false,true
tier_tiere,true,4,1,1,1,0,1,true,false,true
tour,true,4,1,1,1,0,1,true,false,true
tour_stopp,true,4,1,1,1,0,1,true,false,true
training_data,true,0,0,0,0,0,0,false,false,false
usage_tracking,true,1,1,0,0,0,0,false,false,false
variante_artikel,true,5,1,1,1,1,1,true,false,true
variante_gruppe,true,5,1,1,1,1,1,true,false,true
verein_ehrenamt,true,3,1,1,0,0,1,true,false,true
verein_mitglieder,true,4,1,1,1,0,1,true,false,true
verein_pauschale,true,1,0,0,0,0,1,false,false,true
verein_veranstaltungen,true,3,1,1,0,0,1,true,false,true
verfuegbarkeiten,true,5,1,1,1,1,1,true,false,true
verkaufschancen,true,1,0,0,0,0,1,false,false,true
verleih_artikel,true,4,1,1,1,0,1,true,false,true
verleih_vorgang,true,4,1,1,1,0,1,true,false,true
versammlung,true,4,1,1,1,0,1,true,false,true
versammlung_beschluss,true,5,2,2,1,0,0,true,false,true
versand_sendung,true,2,0,0,0,0,2,true,false,true
versand_zugang,true,0,0,0,0,0,0,false,false,true
vertraege,true,2,1,0,0,0,1,true,false,true
vertrieb_aktivitaet,true,5,1,1,1,1,1,true,false,true
vertrieb_woche,true,4,1,1,1,1,0,false,false,true
vorlage_pool,true,5,1,1,1,1,1,true,false,true
vorlagen_aufgaben,true,2,1,0,0,0,1,true,false,true
wareneingang,true,2,0,0,0,0,2,true,false,true
wareneingang_positionen,true,2,0,0,0,0,2,true,false,true
wartungshistorie,true,5,2,1,1,1,0,true,false,true
wartungsvertraege,true,8,3,2,2,1,0,true,false,true
web_ci,true,4,1,1,1,1,0,false,false,true
web_ereignisse,true,0,0,0,0,0,0,false,false,true
web_seiten,true,4,1,1,1,1,0,false,false,true
webinar_anmeldung,true,3,1,1,1,0,0,false,false,true
webinar_termin,true,4,1,1,1,1,0,false,false,true
webinar_versand,true,3,1,1,1,0,0,false,false,true
webinare,true,4,1,1,1,1,0,false,false,true
website_anfragen,true,0,0,0,0,0,0,false,false,false
website_termine,true,0,0,0,0,0,0,false,false,false
wellness_behandlungen,true,3,1,1,0,0,1,true,false,true
wellness_kunden,true,3,1,1,0,0,1,true,false,true
werkstatt_anhaenge,true,7,2,2,2,1,0,true,false,true
werkstatt_auftraege,true,7,2,2,2,1,0,true,false,true
werkstatt_fahrzeug_halter_log,true,7,2,2,2,1,0,true,false,true
werkstatt_fahrzeuge,true,7,2,2,2,1,0,true,false,true
werkstatt_freigabe_log,true,4,2,2,0,0,0,true,false,true
werkstatt_material_buchungen,true,6,2,2,2,0,0,true,false,true
werkstatt_positionen,true,7,2,2,2,1,0,true,false,true
werkstatt_status_log,true,4,2,2,0,0,0,true,false,true
whatsapp_kontakt,true,1,0,0,0,0,1,true,false,true
whatsapp_nachricht,true,5,2,1,2,0,0,true,false,true
whatsapp_versand,true,1,1,0,0,0,0,true,false,true
whatsapp_vorlage,true,1,0,0,0,0,1,true,false,true
whatsapp_zugang,true,0,0,0,0,0,0,false,false,true
wiederkehr_lauf,true,4,1,1,1,0,1,true,false,true
zahlungen,true,4,1,1,1,1,0,false,false,true
zielgruppe,true,5,1,1,1,1,1,true,false,true
zusammenfuehrungen,true,4,1,1,1,1,0,false,false,true
zuschnitt_projekt,true,4,1,1,1,0,1,true,false,true
zuschnitt_teil,true,4,1,1,1,0,1,true,false,true